<annotation>
	<folder>240921</folder>
	<filename>20210726_171005.jpg</filename>
	<path>C:\Users\4me\OKPEPotholeDetect\240921\20210726_171005.jpg</path>
	<source>
		<database>Unknown</database>
	</source>
	<size>
		<width>800</width>
		<height>600</height>
		<depth>3</depth>
	</size>
	<segmented>0</segmented>
	<object>
		<name>Pothole</name>
		<pose>Unspecified</pose>
		<truncated>0</truncated>
		<difficult>0</difficult>
		<bndbox>
			<xmin>167</xmin>
			<ymin>193</ymin>
			<xmax>459</xmax>
			<ymax>488</ymax>
		</bndbox>
	</object>
</annotation>
