<annotation>
	<folder>240921</folder>
	<filename>20210726_171052.jpg</filename>
	<path>C:\Users\4me\OKPEPotholeDetect\240921\20210726_171052.jpg</path>
	<source>
		<database>Unknown</database>
	</source>
	<size>
		<width>800</width>
		<height>600</height>
		<depth>3</depth>
	</size>
	<segmented>0</segmented>
	<object>
		<name>Pothole</name>
		<pose>Unspecified</pose>
		<truncated>0</truncated>
		<difficult>0</difficult>
		<bndbox>
			<xmin>582</xmin>
			<ymin>12</ymin>
			<xmax>763</xmax>
			<ymax>189</ymax>
		</bndbox>
	</object>
	<object>
		<name>Pothole</name>
		<pose>Unspecified</pose>
		<truncated>0</truncated>
		<difficult>0</difficult>
		<bndbox>
			<xmin>149</xmin>
			<ymin>200</ymin>
			<xmax>602</xmax>
			<ymax>442</ymax>
		</bndbox>
	</object>
	<object>
		<name>Pothole</name>
		<pose>Unspecified</pose>
		<truncated>0</truncated>
		<difficult>0</difficult>
		<bndbox>
			<xmin>2</xmin>
			<ymin>257</ymin>
			<xmax>68</xmax>
			<ymax>500</ymax>
		</bndbox>
	</object>
</annotation>
