<annotation>
	<folder>240921</folder>
	<filename>20210726_170305.jpg</filename>
	<path>C:\Users\4me\OKPEPotholeDetect\240921\20210726_170305.jpg</path>
	<source>
		<database>Unknown</database>
	</source>
	<size>
		<width>800</width>
		<height>600</height>
		<depth>3</depth>
	</size>
	<segmented>0</segmented>
	<object>
		<name>Pothole</name>
		<pose>Unspecified</pose>
		<truncated>0</truncated>
		<difficult>0</difficult>
		<bndbox>
			<xmin>207</xmin>
			<ymin>195</ymin>
			<xmax>521</xmax>
			<ymax>482</ymax>
		</bndbox>
	</object>
	<object>
		<name>Pothole</name>
		<pose>Unspecified</pose>
		<truncated>1</truncated>
		<difficult>0</difficult>
		<bndbox>
			<xmin>658</xmin>
			<ymin>197</ymin>
			<xmax>800</xmax>
			<ymax>499</ymax>
		</bndbox>
	</object>
</annotation>
