<annotation>
	<folder>240921</folder>
	<filename>20210727_083307.jpg</filename>
	<path>C:\Users\4me\OKPEPotholeDetect\240921\20210727_083307.jpg</path>
	<source>
		<database>Unknown</database>
	</source>
	<size>
		<width>450</width>
		<height>600</height>
		<depth>3</depth>
	</size>
	<segmented>0</segmented>
	<object>
		<name>Pothole</name>
		<pose>Unspecified</pose>
		<truncated>0</truncated>
		<difficult>0</difficult>
		<bndbox>
			<xmin>89</xmin>
			<ymin>138</ymin>
			<xmax>326</xmax>
			<ymax>429</ymax>
		</bndbox>
	</object>
</annotation>
