<annotation>
	<folder>240921</folder>
	<filename>20210726_171258.jpg</filename>
	<path>C:\Users\4me\OKPEPotholeDetect\240921\20210726_171258.jpg</path>
	<source>
		<database>Unknown</database>
	</source>
	<size>
		<width>800</width>
		<height>600</height>
		<depth>3</depth>
	</size>
	<segmented>0</segmented>
	<object>
		<name>Pothole</name>
		<pose>Unspecified</pose>
		<truncated>1</truncated>
		<difficult>0</difficult>
		<bndbox>
			<xmin>1</xmin>
			<ymin>1</ymin>
			<xmax>211</xmax>
			<ymax>172</ymax>
		</bndbox>
	</object>
	<object>
		<name>Pothole</name>
		<pose>Unspecified</pose>
		<truncated>0</truncated>
		<difficult>0</difficult>
		<bndbox>
			<xmin>183</xmin>
			<ymin>213</ymin>
			<xmax>390</xmax>
			<ymax>443</ymax>
		</bndbox>
	</object>
</annotation>
