<annotation>
	<folder>240921</folder>
	<filename>20210726_170256.jpg</filename>
	<path>C:\Users\4me\OKPEPotholeDetect\240921\20210726_170256.jpg</path>
	<source>
		<database>Unknown</database>
	</source>
	<size>
		<width>800</width>
		<height>600</height>
		<depth>3</depth>
	</size>
	<segmented>0</segmented>
	<object>
		<name>Pothole</name>
		<pose>Unspecified</pose>
		<truncated>0</truncated>
		<difficult>0</difficult>
		<bndbox>
			<xmin>221</xmin>
			<ymin>163</ymin>
			<xmax>526</xmax>
			<ymax>438</ymax>
		</bndbox>
	</object>
	<object>
		<name>Pothole</name>
		<pose>Unspecified</pose>
		<truncated>1</truncated>
		<difficult>0</difficult>
		<bndbox>
			<xmin>655</xmin>
			<ymin>256</ymin>
			<xmax>800</xmax>
			<ymax>541</ymax>
		</bndbox>
	</object>
</annotation>
