<annotation>
	<folder>240921</folder>
	<filename>20210706_103739.jpg</filename>
	<path>C:\Users\4me\OKPEPotholeDetect\240921\20210706_103739.jpg</path>
	<source>
		<database>Unknown</database>
	</source>
	<size>
		<width>800</width>
		<height>600</height>
		<depth>3</depth>
	</size>
	<segmented>0</segmented>
	<object>
		<name>Pothole</name>
		<pose>Unspecified</pose>
		<truncated>1</truncated>
		<difficult>0</difficult>
		<bndbox>
			<xmin>51</xmin>
			<ymin>1</ymin>
			<xmax>137</xmax>
			<ymax>29</ymax>
		</bndbox>
	</object>
	<object>
		<name>Pothole</name>
		<pose>Unspecified</pose>
		<truncated>0</truncated>
		<difficult>0</difficult>
		<bndbox>
			<xmin>224</xmin>
			<ymin>16</ymin>
			<xmax>333</xmax>
			<ymax>102</ymax>
		</bndbox>
	</object>
</annotation>
