<annotation>
	<folder>240921</folder>
	<filename>20210726_170933.jpg</filename>
	<path>C:\Users\4me\OKPEPotholeDetect\240921\20210726_170933.jpg</path>
	<source>
		<database>Unknown</database>
	</source>
	<size>
		<width>800</width>
		<height>600</height>
		<depth>3</depth>
	</size>
	<segmented>0</segmented>
	<object>
		<name>Pothole</name>
		<pose>Unspecified</pose>
		<truncated>1</truncated>
		<difficult>0</difficult>
		<bndbox>
			<xmin>251</xmin>
			<ymin>1</ymin>
			<xmax>380</xmax>
			<ymax>36</ymax>
		</bndbox>
	</object>
	<object>
		<name>Pothole</name>
		<pose>Unspecified</pose>
		<truncated>0</truncated>
		<difficult>0</difficult>
		<bndbox>
			<xmin>194</xmin>
			<ymin>93</ymin>
			<xmax>515</xmax>
			<ymax>572</ymax>
		</bndbox>
	</object>
	<object>
		<name>Pothole</name>
		<pose>Unspecified</pose>
		<truncated>1</truncated>
		<difficult>0</difficult>
		<bndbox>
			<xmin>1</xmin>
			<ymin>449</ymin>
			<xmax>187</xmax>
			<ymax>600</ymax>
		</bndbox>
	</object>
</annotation>
