<annotation>
	<folder>240921</folder>
	<filename>20210726_171552.jpg</filename>
	<path>C:\Users\4me\OKPEPotholeDetect\240921\20210726_171552.jpg</path>
	<source>
		<database>Unknown</database>
	</source>
	<size>
		<width>800</width>
		<height>600</height>
		<depth>3</depth>
	</size>
	<segmented>0</segmented>
	<object>
		<name>Pothole</name>
		<pose>Unspecified</pose>
		<truncated>1</truncated>
		<difficult>0</difficult>
		<bndbox>
			<xmin>121</xmin>
			<ymin>365</ymin>
			<xmax>365</xmax>
			<ymax>600</ymax>
		</bndbox>
	</object>
	<object>
		<name>Pothole</name>
		<pose>Unspecified</pose>
		<truncated>0</truncated>
		<difficult>0</difficult>
		<bndbox>
			<xmin>554</xmin>
			<ymin>241</ymin>
			<xmax>750</xmax>
			<ymax>432</ymax>
		</bndbox>
	</object>
	<object>
		<name>Pothole</name>
		<pose>Unspecified</pose>
		<truncated>0</truncated>
		<difficult>0</difficult>
		<bndbox>
			<xmin>272</xmin>
			<ymin>196</ymin>
			<xmax>433</xmax>
			<ymax>356</ymax>
		</bndbox>
	</object>
</annotation>
