<annotation>
	<folder>240921</folder>
	<filename>20210706_103724.jpg</filename>
	<path>C:\Users\4me\OKPEPotholeDetect\240921\20210706_103724.jpg</path>
	<source>
		<database>Unknown</database>
	</source>
	<size>
		<width>800</width>
		<height>600</height>
		<depth>3</depth>
	</size>
	<segmented>0</segmented>
	<object>
		<name>Pothole</name>
		<pose>Unspecified</pose>
		<truncated>0</truncated>
		<difficult>0</difficult>
		<bndbox>
			<xmin>154</xmin>
			<ymin>96</ymin>
			<xmax>409</xmax>
			<ymax>380</ymax>
		</bndbox>
	</object>
	<object>
		<name>Pothole</name>
		<pose>Unspecified</pose>
		<truncated>0</truncated>
		<difficult>0</difficult>
		<bndbox>
			<xmin>71</xmin>
			<ymin>335</ymin>
			<xmax>146</xmax>
			<ymax>414</ymax>
		</bndbox>
	</object>
	<object>
		<name>Pothole</name>
		<pose>Unspecified</pose>
		<truncated>0</truncated>
		<difficult>0</difficult>
		<bndbox>
			<xmin>430</xmin>
			<ymin>232</ymin>
			<xmax>716</xmax>
			<ymax>524</ymax>
		</bndbox>
	</object>
</annotation>
