<annotation>
	<folder>240921</folder>
	<filename>20210726_171346.jpg</filename>
	<path>C:\Users\4me\OKPEPotholeDetect\240921\20210726_171346.jpg</path>
	<source>
		<database>Unknown</database>
	</source>
	<size>
		<width>800</width>
		<height>600</height>
		<depth>3</depth>
	</size>
	<segmented>0</segmented>
	<object>
		<name>Pothole</name>
		<pose>Unspecified</pose>
		<truncated>0</truncated>
		<difficult>0</difficult>
		<bndbox>
			<xmin>134</xmin>
			<ymin>144</ymin>
			<xmax>389</xmax>
			<ymax>448</ymax>
		</bndbox>
	</object>
	<object>
		<name>Pothole</name>
		<pose>Unspecified</pose>
		<truncated>0</truncated>
		<difficult>0</difficult>
		<bndbox>
			<xmin>408</xmin>
			<ymin>146</ymin>
			<xmax>748</xmax>
			<ymax>516</ymax>
		</bndbox>
	</object>
</annotation>
