<annotation>
	<folder>240921</folder>
	<filename>20210726_163855.jpg</filename>
	<path>C:\Users\4me\OKPEPotholeDetect\240921\20210726_163855.jpg</path>
	<source>
		<database>Unknown</database>
	</source>
	<size>
		<width>800</width>
		<height>600</height>
		<depth>3</depth>
	</size>
	<segmented>0</segmented>
	<object>
		<name>Pothole</name>
		<pose>Unspecified</pose>
		<truncated>0</truncated>
		<difficult>0</difficult>
		<bndbox>
			<xmin>105</xmin>
			<ymin>87</ymin>
			<xmax>250</xmax>
			<ymax>276</ymax>
		</bndbox>
	</object>
	<object>
		<name>Pothole</name>
		<pose>Unspecified</pose>
		<truncated>0</truncated>
		<difficult>0</difficult>
		<bndbox>
			<xmin>271</xmin>
			<ymin>135</ymin>
			<xmax>537</xmax>
			<ymax>451</ymax>
		</bndbox>
	</object>
	<object>
		<name>Pothole</name>
		<pose>Unspecified</pose>
		<truncated>0</truncated>
		<difficult>0</difficult>
		<bndbox>
			<xmin>112</xmin>
			<ymin>339</ymin>
			<xmax>243</xmax>
			<ymax>529</ymax>
		</bndbox>
	</object>
</annotation>
