<annotation>
	<folder>240921</folder>
	<filename>20210706_103741.jpg</filename>
	<path>C:\Users\4me\OKPEPotholeDetect\240921\20210706_103741.jpg</path>
	<source>
		<database>Unknown</database>
	</source>
	<size>
		<width>800</width>
		<height>600</height>
		<depth>3</depth>
	</size>
	<segmented>0</segmented>
	<object>
		<name>Pothole</name>
		<pose>Unspecified</pose>
		<truncated>0</truncated>
		<difficult>0</difficult>
		<bndbox>
			<xmin>103</xmin>
			<ymin>160</ymin>
			<xmax>127</xmax>
			<ymax>238</ymax>
		</bndbox>
	</object>
	<object>
		<name>Pothole</name>
		<pose>Unspecified</pose>
		<truncated>0</truncated>
		<difficult>0</difficult>
		<bndbox>
			<xmin>9</xmin>
			<ymin>238</ymin>
			<xmax>29</xmax>
			<ymax>325</ymax>
		</bndbox>
	</object>
	<object>
		<name>Pothole</name>
		<pose>Unspecified</pose>
		<truncated>0</truncated>
		<difficult>0</difficult>
		<bndbox>
			<xmin>86</xmin>
			<ymin>360</ymin>
			<xmax>102</xmax>
			<ymax>407</ymax>
		</bndbox>
	</object>
</annotation>
