<annotation>
	<folder>240921</folder>
	<filename>20210706_103347.jpg</filename>
	<path>C:\Users\4me\OKPEPotholeDetect\240921\20210706_103347.jpg</path>
	<source>
		<database>Unknown</database>
	</source>
	<size>
		<width>800</width>
		<height>600</height>
		<depth>3</depth>
	</size>
	<segmented>0</segmented>
	<object>
		<name>Pothole</name>
		<pose>Unspecified</pose>
		<truncated>0</truncated>
		<difficult>0</difficult>
		<bndbox>
			<xmin>87</xmin>
			<ymin>74</ymin>
			<xmax>667</xmax>
			<ymax>554</ymax>
		</bndbox>
	</object>
</annotation>
