<annotation>
	<folder>240921</folder>
	<filename>20210726_170959.jpg</filename>
	<path>C:\Users\4me\OKPEPotholeDetect\240921\20210726_170959.jpg</path>
	<source>
		<database>Unknown</database>
	</source>
	<size>
		<width>800</width>
		<height>600</height>
		<depth>3</depth>
	</size>
	<segmented>0</segmented>
	<object>
		<name>Pothole</name>
		<pose>Unspecified</pose>
		<truncated>0</truncated>
		<difficult>0</difficult>
		<bndbox>
			<xmin>80</xmin>
			<ymin>206</ymin>
			<xmax>568</xmax>
			<ymax>528</ymax>
		</bndbox>
	</object>
	<object>
		<name>Pothole</name>
		<pose>Unspecified</pose>
		<truncated>0</truncated>
		<difficult>0</difficult>
		<bndbox>
			<xmin>422</xmin>
			<ymin>26</ymin>
			<xmax>619</xmax>
			<ymax>172</ymax>
		</bndbox>
	</object>
	<object>
		<name>Pothole</name>
		<pose>Unspecified</pose>
		<truncated>0</truncated>
		<difficult>0</difficult>
		<bndbox>
			<xmin>659</xmin>
			<ymin>112</ymin>
			<xmax>769</xmax>
			<ymax>260</ymax>
		</bndbox>
	</object>
</annotation>
