<annotation>
	<folder>240921</folder>
	<filename>20210726_171103.jpg</filename>
	<path>C:\Users\4me\OKPEPotholeDetect\240921\20210726_171103.jpg</path>
	<source>
		<database>Unknown</database>
	</source>
	<size>
		<width>800</width>
		<height>600</height>
		<depth>3</depth>
	</size>
	<segmented>0</segmented>
	<object>
		<name>Pothole</name>
		<pose>Unspecified</pose>
		<truncated>0</truncated>
		<difficult>0</difficult>
		<bndbox>
			<xmin>77</xmin>
			<ymin>20</ymin>
			<xmax>346</xmax>
			<ymax>512</ymax>
		</bndbox>
	</object>
	<object>
		<name>Pothole</name>
		<pose>Unspecified</pose>
		<truncated>0</truncated>
		<difficult>0</difficult>
		<bndbox>
			<xmin>374</xmin>
			<ymin>179</ymin>
			<xmax>712</xmax>
			<ymax>424</ymax>
		</bndbox>
	</object>
</annotation>
