<annotation>
	<folder>240921</folder>
	<filename>IMG_20210822_150233.jpg</filename>
	<path>C:\Users\4me\OKPEPotholeDetect\240921\IMG_20210822_150233.jpg</path>
	<source>
		<database>Unknown</database>
	</source>
	<size>
		<width>800</width>
		<height>600</height>
		<depth>3</depth>
	</size>
	<segmented>0</segmented>
	<object>
		<name>Pothole</name>
		<pose>Unspecified</pose>
		<truncated>0</truncated>
		<difficult>0</difficult>
		<bndbox>
			<xmin>318</xmin>
			<ymin>201</ymin>
			<xmax>496</xmax>
			<ymax>338</ymax>
		</bndbox>
	</object>
</annotation>
