<annotation>
	<folder>240921</folder>
	<filename>IMG_20210729_104642_257.jpg</filename>
	<path>C:\Users\4me\OKPEPotholeDetect\240921\IMG_20210729_104642_257.jpg</path>
	<source>
		<database>Unknown</database>
	</source>
	<size>
		<width>800</width>
		<height>600</height>
		<depth>3</depth>
	</size>
	<segmented>0</segmented>
	<object>
		<name>Pothole</name>
		<pose>Unspecified</pose>
		<truncated>0</truncated>
		<difficult>0</difficult>
		<bndbox>
			<xmin>174</xmin>
			<ymin>206</ymin>
			<xmax>414</xmax>
			<ymax>310</ymax>
		</bndbox>
	</object>
	<object>
		<name>Pothole</name>
		<pose>Unspecified</pose>
		<truncated>0</truncated>
		<difficult>0</difficult>
		<bndbox>
			<xmin>458</xmin>
			<ymin>177</ymin>
			<xmax>643</xmax>
			<ymax>228</ymax>
		</bndbox>
	</object>
	<object>
		<name>Pothole</name>
		<pose>Unspecified</pose>
		<truncated>0</truncated>
		<difficult>0</difficult>
		<bndbox>
			<xmin>703</xmin>
			<ymin>41</ymin>
			<xmax>787</xmax>
			<ymax>65</ymax>
		</bndbox>
	</object>
</annotation>
