<annotation>
	<folder>240921</folder>
	<filename>IMG_20210729_104927_032.jpg</filename>
	<path>C:\Users\4me\OKPEPotholeDetect\240921\IMG_20210729_104927_032.jpg</path>
	<source>
		<database>Unknown</database>
	</source>
	<size>
		<width>800</width>
		<height>600</height>
		<depth>3</depth>
	</size>
	<segmented>0</segmented>
	<object>
		<name>Pothole</name>
		<pose>Unspecified</pose>
		<truncated>0</truncated>
		<difficult>0</difficult>
		<bndbox>
			<xmin>140</xmin>
			<ymin>75</ymin>
			<xmax>625</xmax>
			<ymax>397</ymax>
		</bndbox>
	</object>
</annotation>
