<annotation>
	<folder>240921</folder>
	<filename>IMG_20210729_104423_722.jpg</filename>
	<path>C:\Users\4me\OKPEPotholeDetect\240921\IMG_20210729_104423_722.jpg</path>
	<source>
		<database>Unknown</database>
	</source>
	<size>
		<width>800</width>
		<height>600</height>
		<depth>3</depth>
	</size>
	<segmented>0</segmented>
	<object>
		<name>Pothole</name>
		<pose>Unspecified</pose>
		<truncated>0</truncated>
		<difficult>0</difficult>
		<bndbox>
			<xmin>3</xmin>
			<ymin>81</ymin>
			<xmax>77</xmax>
			<ymax>97</ymax>
		</bndbox>
	</object>
	<object>
		<name>Pothole</name>
		<pose>Unspecified</pose>
		<truncated>0</truncated>
		<difficult>0</difficult>
		<bndbox>
			<xmin>220</xmin>
			<ymin>53</ymin>
			<xmax>330</xmax>
			<ymax>66</ymax>
		</bndbox>
	</object>
	<object>
		<name>Pothole</name>
		<pose>Unspecified</pose>
		<truncated>0</truncated>
		<difficult>0</difficult>
		<bndbox>
			<xmin>89</xmin>
			<ymin>143</ymin>
			<xmax>526</xmax>
			<ymax>261</ymax>
		</bndbox>
	</object>
</annotation>
