<annotation>
	<folder>240921</folder>
	<filename>photo_2021-07-28_23-48-44.jpg</filename>
	<path>C:\Users\4me\OKPEPotholeDetect\240921\photo_2021-07-28_23-48-44.jpg</path>
	<source>
		<database>Unknown</database>
	</source>
	<size>
		<width>450</width>
		<height>600</height>
		<depth>3</depth>
	</size>
	<segmented>0</segmented>
	<object>
		<name>Pothole</name>
		<pose>Unspecified</pose>
		<truncated>0</truncated>
		<difficult>0</difficult>
		<bndbox>
			<xmin>126</xmin>
			<ymin>213</ymin>
			<xmax>318</xmax>
			<ymax>435</ymax>
		</bndbox>
	</object>
</annotation>
