<annotation>
	<folder>240921</folder>
	<filename>photo_2021-08-09_18-12-55.jpg</filename>
	<path>C:\Users\4me\OKPEPotholeDetect\240921\photo_2021-08-09_18-12-55.jpg</path>
	<source>
		<database>Unknown</database>
	</source>
	<size>
		<width>450</width>
		<height>600</height>
		<depth>3</depth>
	</size>
	<segmented>0</segmented>
	<object>
		<name>Pothole</name>
		<pose>Unspecified</pose>
		<truncated>1</truncated>
		<difficult>0</difficult>
		<bndbox>
			<xmin>1</xmin>
			<ymin>6</ymin>
			<xmax>60</xmax>
			<ymax>21</ymax>
		</bndbox>
	</object>
	<object>
		<name>Pothole</name>
		<pose>Unspecified</pose>
		<truncated>0</truncated>
		<difficult>0</difficult>
		<bndbox>
			<xmin>112</xmin>
			<ymin>57</ymin>
			<xmax>391</xmax>
			<ymax>130</ymax>
		</bndbox>
	</object>
</annotation>
