<annotation>
	<folder>240921</folder>
	<filename>photo_2021-07-28_23-47-46.jpg</filename>
	<path>C:\Users\4me\OKPEPotholeDetect\240921\photo_2021-07-28_23-47-46.jpg</path>
	<source>
		<database>Unknown</database>
	</source>
	<size>
		<width>600</width>
		<height>450</height>
		<depth>3</depth>
	</size>
	<segmented>0</segmented>
	<object>
		<name>Pothole</name>
		<pose>Unspecified</pose>
		<truncated>0</truncated>
		<difficult>0</difficult>
		<bndbox>
			<xmin>29</xmin>
			<ymin>61</ymin>
			<xmax>598</xmax>
			<ymax>308</ymax>
		</bndbox>
	</object>
</annotation>
