<annotation>
	<folder>240921</folder>
	<filename>photo_2021-08-16_14-44-07.jpg</filename>
	<path>C:\Users\4me\OKPEPotholeDetect\240921\photo_2021-08-16_14-44-07.jpg</path>
	<source>
		<database>Unknown</database>
	</source>
	<size>
		<width>270</width>
		<height>600</height>
		<depth>3</depth>
	</size>
	<segmented>0</segmented>
	<object>
		<name>Pothole</name>
		<pose>Unspecified</pose>
		<truncated>0</truncated>
		<difficult>0</difficult>
		<bndbox>
			<xmin>11</xmin>
			<ymin>199</ymin>
			<xmax>237</xmax>
			<ymax>310</ymax>
		</bndbox>
	</object>
</annotation>
