<annotation>
	<folder>240921</folder>
	<filename>photo_2021-08-16_14-48-01.jpg</filename>
	<path>C:\Users\4me\OKPEPotholeDetect\240921\photo_2021-08-16_14-48-01.jpg</path>
	<source>
		<database>Unknown</database>
	</source>
	<size>
		<width>524</width>
		<height>236</height>
		<depth>3</depth>
	</size>
	<segmented>0</segmented>
	<object>
		<name>Pothole</name>
		<pose>Unspecified</pose>
		<truncated>1</truncated>
		<difficult>0</difficult>
		<bndbox>
			<xmin>219</xmin>
			<ymin>1</ymin>
			<xmax>454</xmax>
			<ymax>234</ymax>
		</bndbox>
	</object>
</annotation>
