<annotation>
	<folder>240921</folder>
	<filename>photo_2021-08-09_18-14-07.jpg</filename>
	<path>C:\Users\4me\OKPEPotholeDetect\240921\photo_2021-08-09_18-14-07.jpg</path>
	<source>
		<database>Unknown</database>
	</source>
	<size>
		<width>800</width>
		<height>600</height>
		<depth>3</depth>
	</size>
	<segmented>0</segmented>
	<object>
		<name>Pothole</name>
		<pose>Unspecified</pose>
		<truncated>0</truncated>
		<difficult>0</difficult>
		<bndbox>
			<xmin>187</xmin>
			<ymin>221</ymin>
			<xmax>571</xmax>
			<ymax>301</ymax>
		</bndbox>
	</object>
	<object>
		<name>Pothole</name>
		<pose>Unspecified</pose>
		<truncated>0</truncated>
		<difficult>0</difficult>
		<bndbox>
			<xmin>265</xmin>
			<ymin>147</ymin>
			<xmax>449</xmax>
			<ymax>182</ymax>
		</bndbox>
	</object>
	<object>
		<name>Pothole</name>
		<pose>Unspecified</pose>
		<truncated>0</truncated>
		<difficult>0</difficult>
		<bndbox>
			<xmin>459</xmin>
			<ymin>174</ymin>
			<xmax>613</xmax>
			<ymax>205</ymax>
		</bndbox>
	</object>
</annotation>
