<annotation>
	<folder>240921</folder>
	<filename>photo_2021-08-09_18-14-10.jpg</filename>
	<path>C:\Users\4me\OKPEPotholeDetect\240921\photo_2021-08-09_18-14-10.jpg</path>
	<source>
		<database>Unknown</database>
	</source>
	<size>
		<width>800</width>
		<height>600</height>
		<depth>3</depth>
	</size>
	<segmented>0</segmented>
	<object>
		<name>Pothole</name>
		<pose>Unspecified</pose>
		<truncated>0</truncated>
		<difficult>0</difficult>
		<bndbox>
			<xmin>246</xmin>
			<ymin>166</ymin>
			<xmax>575</xmax>
			<ymax>276</ymax>
		</bndbox>
	</object>
	<object>
		<name>Pothole</name>
		<pose>Unspecified</pose>
		<truncated>0</truncated>
		<difficult>0</difficult>
		<bndbox>
			<xmin>490</xmin>
			<ymin>57</ymin>
			<xmax>625</xmax>
			<ymax>112</ymax>
		</bndbox>
	</object>
	<object>
		<name>Pothole</name>
		<pose>Unspecified</pose>
		<truncated>0</truncated>
		<difficult>0</difficult>
		<bndbox>
			<xmin>302</xmin>
			<ymin>3</ymin>
			<xmax>476</xmax>
			<ymax>51</ymax>
		</bndbox>
	</object>
</annotation>
